<?xml version="1.0" encoding="UTF-8"?>
<suite name="Automation QA">
 <parameter name="url" value="http://automationpractice.com/index.php"/>
	 <test name="Search items">
	 <parameter name="browser" value="ie"/>
		<groups>
			<run>
			
				<!-- <include name="Primary"/>
				<exclude name="Smoke"/> -->
			</run>
		</groups> 
		<classes>
			<class name="com.selenium.script.Searchitems"/>
				<methods>
					<include name="Searchitemsmethod"/>
				</methods>
		</classes>
	</test>  

	 <test name="User registration">
	 <parameter name="browser" value="chrome"/>
		<groups>
			<run>
				
				<!-- <include name="Primary"/>
				<exclude name="Smoke"/> -->
			</run>
		</groups> 
	<classes>
		<class name="com.selenium.script.User"/>
			<methods>
				<include name="Usermethod"/>
				<include name="Addcartmethod" dependsOnMethods="Usermethod"/>
			</methods>
		</classes>
	</test> 
	<!-- <test name="Add to Cart">
		<groups>
			<run>
				
				<include name="Primary"/>
				<exclude name="Smoke"/>
			</run>
		</groups> 
	<classes>
		<class name="com.selenium.script.Addtocart"/>
			<methods>
				<include name="Addcartmethod"/>
			</methods>
		</classes>
	</test> -->
</suite>