<?xml version="1.0" encoding="UTF-8"?>
<suite name="SuiteB">

	<!-- <listeners>
 
 		<listener class-name="com.selenium.listeners.Listener"></listener>
 
	 </listeners> -->
	 <listeners>
      <listener class-name="org.uncommons.reportng.HTMLReporter"/>
      <listener class-name="org.uncommons.reportng.JUnitXMLReporter"/>
     </listeners>
     
	 <parameter name="url" value="http://automationpractice.com/index.php"/> 
 <test name="User registration">
	 <parameter name="browser" value="chrome"/> 
		<groups>
			<run>
				
			  <!--  <include name="Primary"/>
				<exclude name="Smoke"/>  -->
			</run>
		</groups> 
	<classes>
		<class name="com.selenium.script.User"/>
			<methods>
				<include name="Usermethod"/>
				 <include name="Addcartmethod" dependsOnMethods="Usermethod"/>  
			</methods>
		</classes>
	</test> 
	</suite>
	